ID,Lemma,Human_Label,Full_Sentence
1,run,LITERAL,": I hurried out and followed Lord Hewston upstairs to the office, but he didn't let me see inside. He told me that there was a dead body on the floor and then he locked the room. INSPECTOR HARRISON: Well, Jarvis, that's enough for today, thank you. MARC GARNEAU: When you're down on earth, you live in a world that... that you can see, that surrounds you. That's, maybe, a ten-kilometer circle. When you're up in space, you see a thousand kilometers ahead of you: your sense of time is changed, it takes you an hour and a half to go round the planet. You see this incredibly thin atmosphere that allows life to occur down here, against the backdrop of... of the vast emptiness of space and that is what transforms you because you suddenly realize ""This is my home"" in a way that... you never think of it when you're down on earth... and you know what? We need to take care of it because it"
2,make,IDIOMATIC,"(Sarah told him.) We can use / wish and if only with would when we want something to change. I wish he wouldn't text me so often. I wish eueryone would stop staring at me. If only they would go away. You cannot use / wish I would. I wish I didn't bite my nails, my-neds. Rewrite the sentences using wish. In formal styles, we can start third conditional phrases with had. rather than if. Had I known thatyesterday, it would haue made a big difference. (OR If I'd known _.) Had she not opened that letter, she would neuer haue found out. (OR If she hadn't._) Invert the sentences and complete them with your own ideas. Ifthe government had done what it promised,.... Had the gouernment done what it promised, rail fares would not haue gone up. If I'd known it would be so difficult. If I hadn't eaten so much ice cream,.... If he hadn't been so scared"
3,make,IDIOMATIC,"of these children feel that, because all their friends are in gangs, they should be too. If we can show these children that there are other options, we hope they won't be persuaded to join the gangs. We've been experimenting with the scheme for six months in the London area and the results are very encouraging. We will probably be taking the idea to other cities throughout the UK next year. If we are successful, then we will see fewer young children turning to crime and these neighbourhoods will be made safer for everyone. Read the article again and listen. Answer the questions. What do new crime figures show? What areas are most hit by gang crime? How does Paddy's scheme work? What sort of things do the police mentors do with the children and why? Why is the scheme for such young children? What future plans does Paddy have? Present perfect and future passives Complete the sentences with the words in the box. have given will be taken will spend will be helped will apologise has been chosen has been"
4,see,IDIOMATIC,Please see the receptionist for your visitor's pass upon arrival.
5,look,IDIOMATIC,Look out for falling rocks when hiking in this mountainous area.
6,see,IDIOMATIC,Could you see to it that all attendees receive the agenda promptly?
7,look,IDIOMATIC,"sacred ['seikrid] = a place with a special religious meaning • root [ru:t] = the underground part of a plant/tree • dot [dot] = a little point • shield [Ji:ld] = sth used for protection in battle (a long time ago) twenty-seven CM Check-in Language Skills (Revision) Language Talkwise Text Wordwise Unit What next? Not sure what job you would like to do? Can't decide which is right for you? Our tip is: don't just look at school subjects, think about free-time activities, too. Make your hobby into your job! Here is what three interesting people say about their jobs: I've always been interested in construction, and I think my job is useful, too, because we need to improve our railway system. So I'm a railway engineer. You see, you can forget about stereotypes when you choose a career! When I was studying History, I never dreamt I'd later join the police. I like the fact that no two"
8,turn,IDIOMATIC,"I'm so tired, I'm going to turn in really early tonight."
9,look,IDIOMATIC,"This weather looks like it's going to clear up later, thankfully."
10,make,NONE,"Meister/in I sich auf etwas freuen ii look happy gend V ( ) match [mstJ]: glücklich aussehen I look into sth. make [meik], made, made: machen; . Spiel, Wettkampf, Match I etwas untersuchen, prüfen III Look herstellen I ° make a comment sich ° . match sth. (to sth.) etwas (zu out! Achtung! Aufgepasst! iii look out äußern, einen Kommentar abgeben etwas) zuordnen for sb./sth. nach jm./etwas Ausschau make a wish sich etwas wünschen i ° . match sth. sich mit etwas messen; halten iv look sth. up etwas nach- make friends Freunde finden I make an etwas herankommen schlagen iii look up hochsehen, auf- fun of sb./sth. sich über jn./etwas lus- match [mstJ] zusammen passen V ( ) schauen ii tig machen iii make sb. do sth. jn. matching ['mstJig] passende(r, s) . have a look nachschauen have a dazu bringen,"
11,run,IDIOMATIC,"contract with a record company. The company was contracted to build a dam. £ Unit III sit and /ill seat a Listen and tick the word you hear. sit seat hit ; heat bit beat ship sheep fit feet tin teen b Listen and repeat. Don't sit on my feet. You win - you beat me! We need a bit of heat in here. Unit Ini thin and /r}/ thing Listen and tick the word you hear. E ran ? rang ? Listen and repeat. He ran in when the phone rang. Don't bang on the table - it's banned in here. Sorry, Ron - you're wrong! Unit Word stress in multi-syllabic words E How many syllables do the words in each group have? happy silly delay nervous medicine therapy comedy departure reservation comedian medicinal identify E Underline the word in each group with a different stress pattern from the others. Then listen and check. PRONUNCIATION m vocabulary bank Unit Personality calm = quiet and relaxed Helen never seems to get angry or excited - she's"
12,keep,IDIOMATIC,"He always manages to keep his cool, even when things are crazy."
13,make,IDIOMATIC,Always make eye contact when you are talking to someone.
14,make,IDIOMATIC,"new Receiver, and the previous Receiver had to pull it through a long time period too."" ""But what happened to those things? Snow, and the rest of it?"" ""Climate Control. Snow made growing food difficult, limited the agricultural periods. And unpredictable weather made transportation almost impossible at times. It wasn't a practical thing, so it became useless when we went to Sameness. ""And hills too,"" he added. ""They made it difficult, limited the agricultural periods. And they made the transportation of goods difficult: trucks; buses. Slowed them down. So ..."" He waved his hand, as if a gesture had caused hills to disappear. ""Sameness,"" he concluded. Jonas frowned. ""I wish we had those things, still. Just now and then."" The old man smiled. ""So do I,"" he said. ""But that choice is not ours."" Slowly, Jonas starts to realise that he no longer sees the world only in black-and-white, like everybody"
15,hold,IDIOMATIC,Hold all questions until the end of the presentation.
16,drop,IDIOMATIC,Please drop off your keys at the reception desk upon departure.
17,look,LITERAL,"We didn't cook any food because there was a restaurant. Who did the teacher say was responsible? I don't know. vocabulary a Mark the sentences T (true) or F (false). Correct the false statements. b _________________________________ ___[_ Join the two sentences to make one. He smiled to himself and wrote the letter at the same time. Writing the letter, he smiled to himself. He wrote the letter. Then he posted it. Having written the letter, he posted it. She looked out of the window and thought about her father at the same time. b Instrumental music is music that doesn't have singing. When you whistle or hum along to a song, you sing the words. Another way of describing music with a good rhythm is to say it's got a good beat. When you can't get a song out of your head, you can't stop singing it. Match the words in the box with the sentences. T range glacier lake plain bay coral reef canyon They climbed the"
18,see,IDIOMATIC,Do you see the necessity of implementing these new safety protocols?
19,make,IDIOMATIC,"also celebrities used to promote one-off projects every now and then. But perhaps the agency most represented by the stars is UNICEF. (Circle) the correct words to complete the rule. RU E When relative clauses are passive / active, we can leave out the relative pronoun and the verb be / past participle. vocabulary & Fame (Circle) the correct words. Then work in pairs and think of answers to the questions. Think of someone in your country who: is (amousjor)/ famous by entertaining children. made a name / did a name for themselves by marrying someone famous. did it big / made it big in international cinema. is a household name / household person in sport. enjoyed / liked a lot of success a few years ago but has since disappeared. is a singing excitement / sensation for teenagers. UNIT Listen Listen to Paul and Maria's opinions on famous people and politics. Answer the questions. Who is in favour of famous people getting involved in politics? Why? Who is against famous people getting involved in politics"
20,look,LITERAL,"me. c s It's all about them fast car nights and them big bold days. Living this champagne life, everything's OK. Let's toast it up, oh, let's toast it up, oh. Said we play all night, and we play all day. Living this champagne life, everything's OK Let's toast it up, oh, baby let's toast it up. speaking S A / v Thinking about the job world: Statistics on work patterns a) In groups of - , look at the two charts about work patterns in the UK. Point out the main facts that you learn. b) . Explain how the following ideas could play a role in the statistics: job satisfaction boredom curiosity . Discuss whether it's desirable to stay in a job for more or less than two years. c) Your turn: Complete these sentences with ideas about yourself ( - lines): . In years' time, I'll have / be / do ... . My idea of success / a good life is /"
21,hold,IDIOMATIC,"Let's hold off on going to the party until later tonight, I'm tired now."
22,see,LITERAL,"flat next door some minutes before. . He hadn't been/wasn't relaxed at all and kept/hadkept Looking atthe door while he was talking/talked to the police officer. P Choose a verb from the following list and use the correct tense: remember - happen - rush - be - notice - Look - do - go on - bump. It alL... a Long time ago on a foggy day. There... a sudden cry from the street. I quickly... to the window of my flat to see what.... While I... up and down the street, I suddenly... a strange man with black gloves. I ...that I ...into this man the day before. What... he... here? (Sounds] WB ? La prononciation de La terminaison -ed P ...coutez le texte ci-dessous. Concentrez-vous sur les verbes soulignÈs. Someone knocked on the door and called his name. Inspector Barry realised that it had to be the killer. He waited in silence for a minute then he decided to call for some backup"
23,hold,IDIOMATIC,I don't think his excuse will hold up with the manager this time.
24,see,LITERAL,". Girls I walk into the lunchroom with JB. Heads turn. I'm not bald like JB, but my hair's close enough so that people sprinting past us do double-takes. Finally, after we sit at our table, the questions come: Why'd you cut your hair, Filthy? How can we tell who's who? JB answers, I'm the cool one who makes free throws, and I holler, I'M THE ONE WHO CAN DUNK. We both get laughs. Some girl who we've never seen before, in tight jeans and pink Reeboks, comes up to the table. JB's eyes are ocean wide, his mouth swimming on the floor, his clownish grin, embarrassing. So when she says, Is it true that twins know what each other are thinking? I tell her you don't have to be his twin to know what he's thinking. b) Say how you could tell the twins apart in a basketball game. crossover Crossover (schneller Handwechsel beim Dribbeln) be caught by surprise völlig überrascht sein vice"
25,look,LITERAL,", as in strange,"" Tally said. ""So this is what people looked like before the first pretty? How could anyone stand to open their eyes?"" ""Yeah. It's scary at first. But the weird thing is, if you keep looking at them, you kind of get used to it."" Shay turned to a full-page picture of a woman wearing only some kind of formfitting underwear, like a lacy swimsuit. ""What the ...,"" Tally said. ""Yeah."" The woman looked like she was starving , her ribs thrusting out from her sides, her legs so thin that Tally wondered how they didn't snap under her weight. Her elbows and pelvic bones looked sharp as needles. But there she was, smiling and proudly baring her body, as if she'd just had the operation and didn't realize they'd sucked out way too much fat. The funny things was, her face was closer to being pretty than any of the rest. She had the big eyes, smooth skin, and"
26,look,IDIOMATIC,"Most children start school at the age of five. Children under years of age must be accompanied, (quite formal) people aged to Not people of age to the to age group Underline the correct phrase to complete the sentences. In the UK, you have to be years old/ -year old to drive a car. He left school at years age/the age of and started work in the family business. She started riding when she was just six years old/six year olds. It's hard work looking after a two years old/ two-year-old all day. The club is for young people aged to / age from to . unit The environment The environment refers to the land, air and water where people, plants and animals live. Be careful, you usually use it with the article the - and pay attention to the spelling - don't forget the 'n' in the middle. Protecting the environment has to be our top priority. You can also talk about environmental issues/ problems. In English, nature Is used"
27,run,LITERAL,"throw up sich übergeben, sich erbrechen stagger torkeln weak schwach wild boar Wildschwein bone Knochen creek (AusE) Bach bugger (infml, rude) Kerl steer junger Ochse apart from außer wallaby Wallaby (kleine Känguruart) send sb. flying jn. zu Boden schicken tusk Hauer (Eckzahn eines Wildschweines) tear, tore, torn (zer)reißen pain Schmerz(en) yelp aufjaulen 0 Text File ( He ran back to Bill. On the way he picked up a 0 stick. As he came over the hill, he ran at the boar, hitting it again and again. It turned to face Colm. There was blood on its tusks. Bill tried to pull himself away, leaving a trail of blood behind him. Colm raised the stick high and brought it down on the boar's head. The boar snorted, but instead of running at Colm, it turned back to Bill. Colm threw the stick down and grabbed Bill's gun. He was shaking as he raised the gun to his iso shoulder. Colm knew that if he shot the animal"
28,make,NONE,"; bedeutend; Haupt- IV majority [ma' djorati] Mehrheit; Mehrzahl IV to make [meik] machen; tun; bilden; ergeben I; hier: lassen V U , to be made of [bi' meid-av] bestehen aus III to be made up of/from [bi meid-Apav/ fram] zusammengesetzt sein aus; bestehen aus V U , to make a choice [meika' tjais] eine Wahl treffen V U , to make a decision [meika di' srjn] eine Entscheidung treffen II to make a difference (to sth) [meika ' difrans] etw. verändern V AC , to make a living (from) [meik-a'liviN fram] seinen Lebensunterhalt bestreiten (mit) IV to make a wish [meika 'wij] sich etwas wünschen I to make friends [meik'frendz] Freundschaft schließen II to make fun of [meikfAnav] sich lustig machen über IV to make it ['meikit] es schaffen IV to make money [meik' mAni] Geld verdienen I to make notes [meik'"
29,hold,IDIOMATIC,Hold the line; a customer service representative will be with you shortly.
30,drop,IDIOMATIC,Is it permissible for us to drop the less critical tasks for today?
31,see,LITERAL,"to make conversation. If the statement is positive we use a........tag, and if the statement is negative we use a......... tag. If the statement does not have an auxiliary or modal verb, we use do/does (present) or did (past). E Complete the tags for these statements. There was a programme on TV about celebrity politicians, _wasn't....there? You didn't have the time to sit down and watch it, you? It wasn't as boring as the one we saw last week, it? The presenter said some really interesting things about the topic,.............she? We would've watched it if we'd known it was on, ..............we? We should've recorded it to use for our school project,............we? I'm sure the teacher will ask us to watch the one next week,..............he? The way I see it, we don't have to listen to celebrities when they talk about politics, we? a b Work in small groups. Imagine you are"
32,break,LITERAL,"the guard dog. We opened the gate. Long ago In a village In China, there lived a farmer. One day, his horse ran away. All the villagers said 'How terrible!' But the farmer just said 'Maybe, maybe not.' Eventually, the horse came back, bringing two wild horses with IL All the villagers said 'How wonderful!' But the farmer just said 'Maybe, maybe not.' The farmer's son tried to ride one of the horses but he fell off and broke his leg. All the villagers said 'How terrible!' But the farmer just said 'Maybe, maybe not.' One day, the army came to the village to find young men to fighL The farmer's son couldn't go because of his broken leg. All the villagers said 'How wonderful!' But the farmer just said 'Maybe, maybe not' Read this traditional Chinese story. Discuss it in pairs. What do you think the meaning of it is? Write three conditional sentences based on the story"
33,see,LITERAL,", (third conditional: a hypothetical situation in the past) We can report what someone has said with a variety of verbs. The most common ones are say and tell. We often describe the attitude of the speaker with verbs such as promise, convince, warn, agree, encourage, refuse etc. When we report speech in structures like He said that..., we usually change the tense of the original statement. 'I'm going to see the Wimbledon final tomorrow!' My cousin told me she was going to see the Wimbledon final tomorrow. We often change pronouns and time and location expressions depending on if these are different now from when the original statement was made. Til see you at my house this euening."" He said that he would see meat his house that euening. When we use a reporting verb followed by another verb, we need to use the correct form of the second verb. My sister refused to tell me where she was going. Dad admitted telling Mum about my argument. My brother warned me not to go"
34,turn,IDIOMATIC,"health, to have a voice and to be treated fairly, to simply be a child, not catapulted into a world of adult stresses and strains. And these rights don't stop when the going gets tough. Children caught up in emergencies are especially vulnerable. I recently visited Chad and met children caught up in a brutal adult conflict, children stripped of their childhoods. I listened to their stories, horrific stories of degrading and brutalizing treatment. But I also heard their hopes and dreams for the future. We cannot turn our backs on the hardest to reach. We must work harder than ever to protect their rights to health and education, and to give them back their childhood, to give them back their futures. UNICEF is working all over the world to ensure governments can keep their promises to children. I promise to support UNICEF's work for children now and in the future. I hope you will join me and make your promise. INTERVIEWER: We've asked two young women to tell us about their origins. First listen to Sophia."
35,make,LITERAL,Did you make it to the party on time last night?
36,see,IDIOMATIC,We should totally see if that new pizza place is any good tonight.
37,keep,IDIOMATIC,"For safety, keep off the restricted construction site."
38,keep,IDIOMATIC,"I always try to keep my word, especially to my friends."
39,break,IDIOMATIC,"Don't worry, we'll probably just break even on our vacation budget."
40,make,IDIOMATIC,", went to the US to study at the Curtis Institute in Philadelphia. In April , Lang Lang made his Carnegie Hall debut, _________great reviews by the American critics. At the Great Hall of the People in Beijing he gave a concert ....by an audience of , people. An article ...........about him some years ago in Teen People identified him as one of the Top Twenty Teens who will change the World'. He's no longer a teenager, but he is certainly making his mark on the world and helping to make it a better place. d Read the sentences and cross out the words in italics that are not needed. An appeal that was launched by UNICEF is looking to raise millions for victims of the Haitian earthquake. Robbie Williams whose TV advert was used to raise money for the appeal was very successful. There are also celebrities used to promote one-off projects every now and then. But perhaps the agency most represented by the stars is UNICEF. (Circle) the correct words to complete the rule. RU E When relative clauses are"
41,make,LITERAL,"can't be bothered, so I'm going to watch TV. to sweat (over something) = to work very hard I've been sweating over this maths problem for an hour - but I can't solve it! no sweat [informal] = it isn't difficult / not a problem 'Can you show me how to use this program on my laptop?' 'Sure - no sweat.' to be worth the effort = to produce results which give value to the effort This food is really difficult to make - but it's so delicious, it's worth the effort. to put everything into (something) = to work as hard as possible, make as much effort as possible He was only in fifth place, but then he put everything into the last metres and he won! to endeavour [formal] = to try Thank you for your letter. We will endeavour to reply before the end of the week. VOCABULARY BANK SIGN LANGUAGE Unit Language sign language = the system of hand and body movements that deaf people use"
42,see,LITERAL,"I can see you're pretty tired, so let's just chill out at home tonight."
43,take,LITERAL,"is just one of a growing number of incredible examples of possibly the most jaw-dropping development in surgical history- the facial transplant. When Richard Norris first saw his new face in a mirror, three days after a -hour operation to complete the world's most extensive face transplant to date, he was lost for words. But doctors conveyed wonder on his behalf as Norris continued relearning to talk - 'this is so cool,' one of his surgeons kept repeating. Norris, , had lived behind a mask since a gun accident took away his lips, nose and the front part of his tongue years ago. Unusually for victims of facial gun injuries, his vision was largely unaffected, and so, as soon as possible after his surgery at the University of Maryland Medical Centre, he asked to see the results, doctors reported. On the same day, Norris, of Hillsville, Virginia, told them that he could smell, too. The operation took place on and March. A week later, he was able to brush his teeth and shave."
44,see,NONE,"a I'oral. Ecoutez attentivement chaque enonce afin de bien en comprendre le sens global. Indiquez dans chaque cas si vous avez entendu la forme ou . a. l. must talk b. l. mustn't talk c. l. might be a. . must be talking b. . must be talking c. . might have been d. l. must be e. l. might see f. l. might see d. . must have been e. . might have seen f. . might have seen Lexique Vivre ensemble Keywords p. Assurez-vous que vous avez bien retenu les mots cles de I'unite. Donnez les synonymes ("") ou les antonymes () des mots suivants: a. tolerant = ... b. tolerant ( mots) ... c. difference ... d. traditions = ... e. stand together Donnez ('equivalent anglais des mots et des expressions suivantes: a. croyances b. partial c. amical d. semblable e. partager des valeurs f. passer d'une culture a I'autre g. etre sur un"
45,see,LITERAL,See the large blue sign ahead for directions to the parking area.
46,break,LITERAL,Break the chocolate bar into squares for sharing.
47,take,IDIOMATIC,"Kenya, for example, are said to go regularly at night-time to a cave on the side of Mount Elgon, an extinct volcano. Once they are in the cave, they use their tusks to break off parts of the soft rocks, crunch them in their mouths, and then swallow them. For a long time, little was known about the reasons for this behaviour, but recently scientists have discovered that the rocks contain a high level of sodium, which is needed to help neutralise the toxins that elephants are known to take in with their plant diet. The behaviour of these elephants and of other animals shows that they have developed amazing abilities to care for their own health - without any doctor having told them what medication to take! Discussion box What conclusions do you draw from reading this article? Would you like to be a scientist studying animal behaviour? Why / Why not? UNIT a c Read the text again and listen. Tick the correct answers. Newton and Nashida believe that animats eat plants in a similar way to how humans take medication"
48,make,LITERAL,"But no overview of the s would be complete without the Beatles! Starting in the early s, the four friends from Liverpool introduced the world to their catchy pop tunes and to their cool haircuts. But while the early songs like ""I want to hold your hand"" were fun, this was not the kind of music to influence future composers. The later songs (""Lucy in the sky with diamonds"" ® , ""Revolution"", ""A day in the life"") with their kaleidoscope of sounds and feelings made the Beatles the most influential music group ever. The s: Arena rock, Punk and Disco Arena rock was more theatrical and much louder than anything in the s. Groups like Queen (""Bohemian rhapsody""), Led Zeppelin (""Stairway to heaven"") or David Bowie (""Suffragette city"") showed in very different ways how special effects and dramatic stage antics could create new musical experiences in huge arenas. Those who wanted their music much more aggressive, faster and more chaotic, found it in the punk-rock scene"
49,break,IDIOMATIC,"He's trying to break into the music scene, it's really tough."
50,look,LITERAL,"two men in the photo are. Elizabeth Beck, Kim and Hoyt Parker's daughter, was murdered eight years ago. One day, two detectives, Carlson and Stone, go to the Parkers'. ""Mrs. Parker, how would you describe the relationship between your daughter and her husband?"" Carlson asked. ""They were very close, very much in love."" ""No problems?"" ""No,"" she said. ""None."" ""Would you describe Dr. Beck as a violent man?"" She looked startled . ""No, never."" They looked at Hoyt. Hoyt nodded his agreement. ""To your knowledge, did Dr. Beck ever hit your daughter?"" ""Never,"" Hoyt said. ""No one hit my daughter."" ""You're certain?"" His voice was firm. ""Very."" Carlson looked toward Kim. ""Mrs. Parker?"" ""He loved her so much."" ""I understand that, ma'am. But many wife-beaters profess to loving their wives."" """
51,keep,IDIOMATIC,Do you believe we can keep our client satisfied with the proposed changes?
52,run,IDIOMATIC,Run the tap water for a minute until it feels cold before filling your glass.
53,see,LITERAL,"an activity should be called a pastime, not a sport. Do you agree? Now complete the following sentences about you. Ifthe Olympic Games are ever held in my country.... I couldn't have become a professional athlete.... If I could meet any famous sportsperson in the world.... I won't be able to watch a World Cupfinal.... My friends and I would give anything.... If my school hadn't encouraged me.... Do you agree with the writer in exercise ? Give your opinion. In pairs, describe what you see in the three photos. Match the sports in the photos with the descriptions. What do you think of the sports? requires players to throw a round flat plastic object into a basket There are a series of baskets at different points, like the holes on a golf course. The object of the game Is to complete the course in the fewest number of throws. .also known as Octopush, Is a non-contact sport In which two teams compete to move a puck across the bottom of a swimming pool into a goal."
54,turn,LITERAL,Do not turn left when the sign indicates.
55,turn,IDIOMATIC,Do we anticipate the project timeline will turn out to be realistic given the new constraints?
56,make,LITERAL,", no music, no art, no colour - is surely a big contrast to your world. nn Make a list of things you do every day. Give your list to your partner, who is a member of V Jonas' community. Let him/her comment on these things from the community's perspective. Then switch roles and do the same. speaking Memories a) Comment on the community's decision to allow only one person to hold past memories. A / b) Explain how memories help countries, communities and individuals to make good decisions about the present and the future. c) Describe one of your own memories which has helped you to make a decision. speaking o m v S < Role play > wb / a) With your partner, think about some event in the past (on a class trip /at school/at a party). It can be a funny, dangerous, emotional, or sad situation. Now think about pro and con arguments for eliminating these memories. Would it be good or bad not to have those"
57,drop,IDIOMATIC,Did you hear they're gonna drop a new game next month? It looks awesome!
58,make,NONE,":n] leant [lent] / leaned [li:nd] leant [lent] / leaned [li:nd] (sich) lehnen learn [l :n] learnt [l :nt] / learned [l :nd] learnt [l :nt] / learned [l :nd] lernen leave [li:v] left [left] left [left] (ver)lassen lend [lend] lent [lent] lent [lent] (ver)leihen make [meik] made [meid] made [meid] machen, tun meet [mi:t] met [met] met [met] treffen pay [pei] paid [peid] paid [peid] (be)zahlen read [ri:d] read [red] read [red] lesen say [sei] said [sed] said [sed] sagen sell [sel] sold [sauld] sold [sauld] verkaufen send [send] sent [sent] sent [sent] senden, verschicken shoot [Ju"
59,see,LITERAL,Will we see an increase in efficiency if we implement the new software system?
60,see,LITERAL,"he/she should) to do sth • to keep one's wits [ki:p wAnz 'wits] = to make sure you know what is happening around you (e.g. in a dangerous situation) twenty-three (Text) And if you're still in trouble, just wave your arm like this"" - she gave the kind of big, languorous wave that only an Australian could possibly consider an appropriate response to a death-at-sea situation - ""and wait for the lifeguard to come."" ""What if the lifeguard doesn't see me?"" ""He'll see you."" ""But what if he doesn't?"" But Deirdre was already wading into the surf, a boogie board under her arm. I dropped my shirt onto the sand and stood naked but for my sagging trunks . Glenn, never having seen anything quite this grotesque on an Australian beach, certainly nothing still alive, snatched up his camera and began excitedly taking close-up shots of my stomach. Bizeet, bizeet, bizeet, bizeet, his camera sang happily as he followed me"
61,turn,IDIOMATIC,I think it's gonna turn out to be a great party tonight.
62,make,LITERAL,"Crapes of Wrath by John Steinbeck ( ) Main actors: Henry Fondajohn Carradine Synopsis: A poor Midwest family of farmers are forced off their land. They travel the Mother Road from Oklahoma to California, suffering the misfortunes of the homeless in the Great Depression, hoping to find a better life in the West. Bagdad CafÈ Genre: Comedy - Drama Director: Percy Adlon Main actors: Marianne S·gebrecht, CCH Pounder, Jack Palance Synopsis: A lonely German woman ends up at a desolate motel off Route and decides to make it brighter. This movie exemplifies how one person in the right place can affect a community of lives, here in a beautifully photographed landscape that is often ignored by most people. Thelma and Louise Genre: Road movie /Drama Director: Ridley Scott Main actors: Susan Sarandon, Geena Davis Synopsis: One day two young women decide to break out of their unsatisfying, normal life and jump in a car and hit the road on Route . Their journey, however, turns into a flight when Louise kills a man who assaults"
63,see,LITERAL,"open • rocky • overcrowded • suburban • tropical • wide V J blocks of flats. parks. pedestrian zone. streets. More help Lead in Connecting images O p. a) Look at photos - on p. . Choose two with a connection to the photo you described in . Here are some ideas: I'd say there's a connection between . and . because In my view, In my opinion, . is connected to . the theme of both photos is friendship/... the idea of community/. can be seen in both. both photos show ... the hands/. is/are a symbol of ... Here are some ways to react to your partners: f • Yes, I agree. I can see that connection. • That's just how I feel. • That's so true. • You're right. • Oh, I see. I'd never thought of it like that before. V________________________________________________ • No, sorry, I just don't get it. • I can't follow you - . has nothing to"
64,keep,IDIOMATIC,"_______________________________________________, TO LRI GURGE P Choose the correct form among the following pairs. . Thepolice had/did not see anything special when they were arriving/arrived atthe scene of the crime even if earlier on, the victim's neighbour was calling / had called them to report some unusual cries. . The policemen decided/were deciding to visit the neighbour who then declared/had declared that he had heard/heard gunshots from the flat next door some minutes before. . He hadn't been/wasn't relaxed at all and kept /hadkept Looking atthe door while he was talking/talked to the police officer. P Choose a verb from the following list and use the correct tense: remember - happen - rush - be - notice - Look - do - go on - bump. It alL... a Long time ago on a foggy day. There... a sudden cry from the street. I quickly... to the window of my flat to see what.... While I... up and down the street, I suddenly... a strange man with black"
65,look,LITERAL,"and plays the guitar very well. b Because it still gives her pleasure and reminds her of her grandparents. c Because it allowed her grandmother to teach her how to play it. Listen again and choose answer a, b or c. ? a Think about the best present you have ever received. Make notes under the headings. What was it? Who gave it to you? Why was it so special? e Work in small groups. Talk about the best present you have ever received. Grammar Modal verbs review Look at the examples from the listening text in Exercise . Can you remember which present the words in italics refer to? Write for shirt, for bicycle and G for guitar. He said I should look at it every day. They must be joking! I don't want thisl When you look at it, you'll never forget me. ._____ Try it Who knows? You might like it. I must have lost it somewhere. I couldn't buy another one, I didn't have enough money. ....___"
66,make,IDIOMATIC,She always manages to make new friends easily wherever she goes.
67,take,IDIOMATIC,", cold, warm colours lack of colour tense / joyfuI atmosphere on the left/right-hand side / in the distance in the foreground / background in the top half /the bottom half a Interpretation capture light draw one's attention to plan to intend to aim at M-'mg emphasise the importance add to underline I am under the impression... It looks as if... It is as though... I feel... It seems to me... Indigenous Art READING FILE The No. Ladies' Detective Agency by Alexander McCall Smith, The scene takes place in the tiny African country of Botswana. Mma Ramotswe has just inherited a substantial sum of money after her father's death. Mma Ramotswe had thought that it would not be easy to open a detective agency. People always made the mistake of thinking that starting a business was simple and then found that there were all sorts of hidden problems and unforeseen demands. She had heard of people opening businesses that lasted four or five weeks before they ran out of money or stock, or both. It was always more difficult than you"
68,keep,LITERAL,Keep your receipt for proof of purchase.
69,take,LITERAL,"including Australia, Namibia and South Africa. The quickest way of getting to the bottom involves standing with both feet on a board and weaving from side to side while trying not to fall off. If this sounds a little bit adventurous you could always just get on your stomach and slide down. Either way, it's a lot of fun! However, don't forget to keep your mouth closed. Extreme ironing Wife-carrying Extreme ironing is called an extreme sport by some and a performance art by others. It's all about taking an ironing board to a remote location, where you then proceed to iron your clothes! According to the official website, extreme ironing is 'the latest danger sport that combines the thrills of an extreme outdoor activity with the satisfaction of a well-pressed shirt'. Part of the attention this has attracted in the media is to do with the issue of whether it is really a sport or not, and it is often not taken so seriously. Some locations where such performances have taken place include on a mountainside, in a forest"
70,run,IDIOMATIC,Should we run a quick diagnostic test on the network before the meeting commences?
71,see,LITERAL,"that the first of all Time Machines began its career. I gave it a last tap, tried all the screws again, and sat in the chair. I took the starting lever in one hand and the stopping one in the other, pressed the first, and almost immediately the second. I seemed to spin; I felt a nightmare sensation of falling; but. looking round, I saw the laboratory exactly as before. Had anything happened? For a moment I thought that my mind had tricked me. Then I saw the clock. A moment before, as it seemed, it had stood at a minute or so past ten; now it was nearly half-past three! I drew a breath, set my teeth, gripped the starting lever with both hands, and went off with a thud. The laboratory got hazy and went dark. Mrs. Watchett came in and walked, apparently without seeing me, towards the garden door. I suppose it took her a minute or so to cross the room, but to me she seemed to shoot across"
72,look,IDIOMATIC,Look out! There's a step down right here.
73,hold,LITERAL,Hold this box for me while I open the car trunk.
74,make,LITERAL,"it looks like. Reporter: What do you hope it'll look like? Moore: Beautiful! I hope for beauty. Reporter: It may not look like much now. But come spring, there will be tulips here where once there was only broken concrete. Theresa Blaner: I'm so excited – can't wait to see in the daytime! Doug: DC Guerrilla gardeners. Journalist: Going green is a very big topic here in Chicago. Mayor Richard Daley now in his sixth term in office is working to make this enormous teeming city the greenest city in America. Some of the policies mayor Daley has pushed include a major effort to plant new trees, hundreds of thousands of new trees and to turn the tops of urban buildings into green roof gardens, including one on top city hall. Where did you get this notion to turn this big city green? Mayor Daley: I've always believed that nature can coexist in an urban environment. It doesn't have to be all concrete and steel. It can't... basically you can"
75,make,IDIOMATIC,How can we make certain that all team members understand their roles?
76,make,IDIOMATIC,Would you be able to make arrangements for the upcoming client meeting?
77,turn,LITERAL,"out and ran away. -a Ils sontsortis toute vitesse et se sont ÈloignÈs en courant. modifier ou prÈciser Le sens d'un verbe Don't answer back! -a Ne rÈponds pas ! He turned round and called me back. -a Il se retourna et me rappela. modifier entiËrement Le sens de base du verbe. Les exemples Les plus frÈquents sont dans Le tableau ci-aprËs. verbe particule sens bring about provoquer cut down rÈduire turn down refuser fill in complÈter get in/on monter take off enlever/dÈcoller turn /switch off Èteindre carry/keep/go on continuer GRRP P RR turn/switch on allumer find out dÈcouvrir make out comprendre run out Èpuiser turn out se rÈvÈler blow up exploser break up se sÈparer give up abandonner hang up raccrocher put up loger speak up parler plus fort Remarque Avec un phrasal verb, quand Le complÈment d'objet est un pronom, celui-ci se place devant la particule. They put off the hearing ou They putit off. Un phrasal verb peut 'tre suivi d'une prÈposition introduisant un complÈment"
78,take,IDIOMATIC,Shall we take a different route for the system integration?
79,make,IDIOMATIC,What steps should we make to improve client satisfaction?
80,make,IDIOMATIC,That new song really makes me want to dance.
81,turn,LITERAL,"time, John Howard, said that the country had lost an 'amazing and colourful son'. He said that Irwin's death was a huge loss to Australia. He had been a wonderful character and a passionate environmentalist who had brought entertainment and excitement to millions of people. Howard said Irwin would be sorely missed. Irwin founded the Steve Irwin Conservation Foundation, later renamed Wildlife Warriors Worldwide, as well as a number of other projects, including International Crocodile Rescue. Described by one person as a 'modern-day Noah', he turned a small reptile park in Queensland into what is now Australia Zoo, a major centre for Australian wildlife. He was famous for handling dangerous creatures such as crocodiles, snakes and spiders, Irwin was not universally admired, however. Considered a showman and an entertainer rather than a serious conservationist by some people, he was criticized for disturbing animals and invading their habitats just to get sensational photos and make exciting films. But Irwin really loved animals and thought they ought to be treated with the greatest respect. He was really concerned about"
82,run,NONE,"good warning signal? shabby: miteux be underthreat/ ret/: etremenace endangered: en voie de disparition become extinct: disparaftre "" moving/touching c aim to V: v/serd V miserable: malheureux - Three major issues i . Describe each picture and say what environmental issue each of them illustrates. . Explain briefly what you know of each problem. . Which issue do you feel most concerned about? Explain why. Nouns rubbish = waste: detritus plastic bottle / bag supply /sa'plai/: reserves running water: eaucourante chimney /tjimni/ stack: cheminee d'usine greenhouse gas: gaz a effet de serre Adjectives polluted scarce /sksas/: rare unbreathable /An'briiSabl/: irrespirable Verbs & expressions dump: deverser get rid of: se debarrasser de sort out: trier lack: manquerde run out: etre epuise release /ri'liis/: emettre, degager Global warning unit corner The earth from space i (J)ORKBOOK-p. QThe topic Describe this poster and explain its meaning and purpose. Deforestation - p."
83,run,IDIOMATIC,"author A writer? A journalist? An essayist? A historian? ìThe text was written by...î Has muIticulturaUsm failed In the UK? Not really Our research shows a strong inclination of first and second generation Britons to feel and act ""British"". (A) new report (...) examines the alleged aspects of multiculturalism's ""failure"". These being: one, that multiculturalism has encouraged exclusion rather than inclusion, (...). Two, that by living parallel lives minorities preserve their ethnic behaviours and values that run counter to broader society. And three, these separate communities provide fertile soil for radicalisation.( ...) The new report finds that all groups of ethnic minorities support the maintenance of their own ethnic customs and traditions, but they also show equally striking support for mixing and integrating: with positive feelings about the cultures of both origin and destination countries.( ...) As we British fans fill those Olympic seats and cheer Team GB, it matters not whether those athletes are first generation, second generation, mixed race, or white"
84,hold,IDIOMATIC,Hold your breath underwater for as long as you can.
85,keep,LITERAL,Could we keep this discussion confidential within the team?
86,keep,LITERAL,"got fitter, he got faster. In the end he was finishing in just over five hours. But fitness alone was not enough. What was more important was the fact that he wanted to make a difference to other people's lives. What Eddie Izzard did was so special that the documentary of his run has been made into an inspiring film: Believe! 'You've got to believe you can be something else,' Eddie says in the film. 'I've done that a few times. That's why I keep going.' UNIT Conditionals review Mixed conditionals Vocabulary: ways of getting involved o a Read and listen Look at the pictures and discuss these questions with a partner. What is this man doing? Why do you think he is doing it? G,asgow Belfast"" '' "" Livert Pool Cardiff Edinburgh Newcastle ' -• London b Read the article quickly to check your answers. C Read the text again and listen. Answer the questions. What's unusual about Eddie Izzard's story? Why did it take him more than days"
87,run,IDIOMATIC,Please run the vacuum cleaner across all the floors.
88,keep,IDIOMATIC,"brand new edition of English in Mind revises and updates a course which has proven to be a perfect fit for classes the world over. Engaging content and a strong focus on grammar and vocabulary combine to make this course a hit with both teachers and students. Popular features have been refreshed with % new texts, pictures and photos, including: • Imaginative reading and listening topics that capture the interest of teenagers • 'Culture in mind' sections which give students an insight into the world around them • 'Everyday English' to keep them in touch with how teenagers use English NEW for the Second edition: • A Student's Book DVD-ROM containing games, extra exercises and videos featuring the photostory characters, and 'Videoke' which allows students to record their own voices in the videostory dialogues • A 'Get it right!' section which focuses on problem areas common to learners of this CEF level, and 'Everyday English' expressions of proven frequency in conversational English, as highlighted by the Cambridge English Corpus • A Testmaker CD-ROM and Audio CD which allows teachers to"
89,turn,IDIOMATIC,He always knows how to turn a simple story into something hilarious.
90,look,LITERAL,"New Zealand student: Not till next Tuesday afternoon? But the headache is really bad. You: . Arztpraxis: Im Moment sind wir sehr voll ... Warten Sie mal. Wie wäre es Freitag um . 0? You: . New Zealand student: Friday would be much better, thanks. V__________________________________________________________________________________________________J Partner pages r N SITUATION Kontrolleur(in): Guten Morgen, die Fahrausweise bitte. New Zealand student: Hey, what does this guy want? You: ... New Zealand student: Oh right, one minute. ( looks in backback) Hey, I can't find my ticket. You: . Kontrolleur(in): Dann werden 0 Euro fällig. Gehören Sie zusammen? You: . Kontrolleur(in): Dann steigen Sie mit mir am nächsten Bahnhof aus. You: . New Zealand student: But why do I have to pay 0 euros? I have a student's ticket. It's just that I've forgotten to put it in my backpack. You: . Kontrolleur(in): Dann muss er/sie die Schülerkarte"
91,see,LITERAL,"in English. He held out a long, beautifully patterned feather. He pointed up to the wall high above us on the ridge. It was the feather of a Golden Eagle; perhaps from the same eagle we'd seen just a couple of hours ago ... ? Nigel Barnsley Just in front of us was one of the dilapidated towers we'd seen from below. I climbed towards it, stepped inside and went up a couple of steps to emerge above the turrets and to one of the most beautiful views I'd ever seen . The mountains stretched into infinity: exquisite shades of green, grey and brown against a deep azure, cloudless sky. Along the wall, here and there, were small groups of tourists basking in the wonder of their surroundings. But the strangest sight of all was a table and four plastic chairs beneath a huge red parasol, and a man selling bottled water and cans of chilled drinks from an icebox. I came down from the tower and we walked as far as we could along the wall before the ridge fell away"
92,run,IDIOMATIC,The colors in my new shirt ran when I washed it with white clothes.
93,drop,IDIOMATIC,Can you just drop me off at the next bus stop? I'm fine from there.
94,keep,NONE,"ii just after ... gleich nachdem ...; kurz nachdem ... ii just then genau in dem Moment; gerade dann ii . just like genau wie ... ii K ° kaleidoscope [ka'laidaskaop] Kaleidoskop kangaroo (infml roo) [,ksgga'ru:] Känguru V ( 0) kayak ['kaisk] Kajak iii keen [ki:n]: be keen on doing sth. wild darauf sein, etwas zu tun iV be keen on sth. wild auf etwas sein iv keep [ki:p], kept , kept: . aufheben; aufsparen; aufbewahren iii . keep doing sth. etwas immer wieder / weiter tun; etwas ständig tun iii . halten; erhalten iv keep to sth. sich an etwas halten (Plan, Zeitlimit) iV keep sth. up etwas aufrechterhalten, etwas fortsetzen iV keep sth. warm/ alive etwas warm halten; etwas am Leben (er)halten iV kept [kept] siehe keep key [ki:]: . Schlüssel ii . Taste V ( ) . Schlüssel- ii keyword ['"
95,look,IDIOMATIC,"(s I've included my CV so you'll be able to see everything I can do. I'm one of the best in my class at English, so language really won't be a problem. I love working in teams and I'm sure I'll get on with everyone. t It would be great if you choose me for the job. Please let me know. (u Please let me know as soon as possible if I get the job. @ Thank you for considering my application. I am looking forward to hearing from you. w Yours sincerely, ® Bye, see you this summer. (y Your Daniel Koch A Daniel Koch Yours, Alex J b) ¡feU Compare and explain your answers. Refer to both content and style. Using a placemat, make a list of tips on how to write a good letter of application. c) Go to p. and choose a summer job. Then write your own letter of application. Early finisher p. Workbook - (pp. - ) Workbook Wordbank Part C Practice Check"
96,drop,LITERAL,Do not drop litter on the pavement; use the bins.
97,see,LITERAL,See this warning label carefully before using the chemical product.
98,hold,IDIOMATIC,"d) Discuss whether songs should offer solutions to problems or if 'just' protesting is enough. WB p. / ; The lyrics a) Describe the style of the lyrics in each song. Example: poetic - realistic. b) Identify the refrain in each song. Explain why this part of the song is important. The music Do you feel that the music in each song helps to present the message? Imagine 'Blowin' in the wind' with louder, faster and more aggressive music, and 'Can't hold us down' as a slow, gentle song. Would the messages stay the same? Why or why not? Protest songs: Timeless or dated? In which ways are the songs' messages timeless, in which ways are they dated? Then talk about what makes a song timeless or not. (Internet project: Protest songs) These artists have all had big hits with protest songs. Find out more about the artists, which protest songs they sang, and what the songs' messages were. Aretha Franklin John Lennon Pink S"
99,take,LITERAL,"out of your head, you can't stop singing it. Match the words in the box with the sentences. T range glacier lake plain bay coral reef canyon They climbed the mountain. Then they sat down to look at the view. He swam across the lake. Then he collapsed on the shore. C We saw the Aurora Borealis and gasped in amazement at the same time. ___________________________________ Write sentences with didn't need to or needn't have. We took raincoats but they weren't necessary. We needn't have taken raincoats. It wasn't raining, so we didn't take our raincoats. I studied all weekend but the test on Monday was cancelled. A part of the coastline where the sea is surrounded by land on three sides, bay A large area of fresh water surrounded by land. A very large piece of ice that moves down a valley. A rock-like ridge made up of tiny skeletons of marine animals under the surface of the sea (two words). The Andes is a mountain___________in South America. A large flat area"
100,drop,IDIOMATIC,I think I'll drop that art class; it's honestly not really my thing.
101,make,LITERAL,"nul 'auva]: rÈgner sur ft warn (v) [worn]: prÈvenir ft take advantage of (exp.) [teik od'vÊntid av]: profiter de j Science fiction Visions d'avenir : crÈations et adaptations Does science fiction help us think about society? Typical science fiction themes C T) [I Describe the picture and try to give a definition of utopia and dystopia. Read the first information box to check. Find examples of each in the chapter. Read about the other themes and make a list of examples of famous Sciencefiction stories you know (films, books, comics, etc.). In your own words say how science fiction reflects important issues in our society. Find examples to illustrate. Utopia [jui'taupia]: a term invented by Sir Thomas More in . A utopia can be defined as an ideal place or a visionary system of political or social perfection. It shows a better alternative to real society. H Keywords: ideal society ? futuristic ? tolerance ? peaceful ? better world ? technological"
102,make,IDIOMATIC,") [meik-a'liviN fram] seinen Lebensunterhalt bestreiten (mit) IV to make a wish [meika 'wij] sich etwas wünschen I to make friends [meik'frendz] Freundschaft schließen II to make fun of [meikfAnav] sich lustig machen über IV to make it ['meikit] es schaffen IV to make money [meik' mAni] Geld verdienen I to make notes [meik'naots] Notizen machen I to make one's point [meik wAnz'paint] seinen Standpunkt deutlich machen V AC , to make one's voice heard [meik wAnz ,vais'h :d] sich Gehör verschaffen V AC , to make sb angry [meik' xpgri] jmdn. wütend machen; jmdn. verärgern III to make sb do sth [meik] jmdn. dazu bringen, etw. zu tun II to make sense [meik' sens] Sinn ergeben; einleuchten IV to make sure [meik Ja:] sich versichern I to make trouble [meik' trAbl] Ärger machen; in Schwierigkeiten bringen I to make use of [meik"
103,see,LITERAL,May I see the detailed proposal for the upcoming client presentation?
104,make,IDIOMATIC,Could you please make a decision on the new project timeline?
105,take,LITERAL,Always take your litter with you when you leave the park.
106,make,IDIOMATIC,"Don't make a mess in the living room, please."
107,look,LITERAL,"older than in most western countries needn't school anymore. . But any personal adviser would advise them not school too soon. . It isn't easy for many European teens America's laws about alcohol. . Ifyou want alcohol in the US, you must be . . If you look young, bars will make you that you are over . . But most teens are just happy : Then they can do what they want (but not drink) without asking their parents. WB p. / eighty-two Check-out P Tolerance levels a) Look at the three situations. What is happening? You are sitting at the next table. When would you say something to make the people stop? When wouldn't you? Talk about it with a partner. <b)> Now act the situations. Make sure you both have at least one chance to be the person who is reacting to one of the situations. WB p. / (Your turn: Your taste in music) a) Everyone likes music. But have you ever stopped to think why? Think about"
108,take,IDIOMATIC,"courts. Je peux Ècrire une lettre personnelle trËs simple, par exemple de remerciements. Je peux Ècrire un texte simple et cohÈrent sur des sujets familiers ou qui m'intÈressent personnellement. Je peux Ècrire des lettres personnelles pour dÈcrire expÈriences et impressions. Extrait du CECRL, (Grille pour l'auto-Èvaluation, p. ) Conseil de l'Europe. Evaluate your level in English ï Learning without borders How to learn from each other in a globalised world? LISTENING P Read the information box first. Then listen to the recording and take notes about what you have understood. P Give as much information as possible about the people interviewed (names - ages - reasons for using this website). P Pick out the positive and negative aspects of this global classroom. Then sum up in English or in French what you understood. Lhan Academy Non-profit educational website: www lai my.org Cmated in by Salman Khan. ,, , . Mission: give eveone in the world access to a free and high-quality education. Resources: over micro-lessons in Maths, History, Medicine, Finance"
109,run,LITERAL,Do not run with scissors in your hand.
110,take,LITERAL,Take the correct key from the hook before unlocking the storage room.
111,drop,IDIOMATIC,She keeps dropping hints about wanting a new phone for her birthday.
112,take,LITERAL,"disastrous if Amy (not return) her new friend to the meeting place. . Simon (feel) even more awkward when he returned if the guide (not be) so relieved to see him. b) Think back on Unit and make sentences about what would have been different in Australia if something else hadn't happened. One of you starts with an if-clause, the other finishes with a main clause. Start like this: If the Europeans hadn't landed in Australia .../ If the Aboriginal children hadn't been taken away from their families ... c) Your turn: Now write three sentences about yourself. What would have been different if something else hadn't happened? thirty-four language V Aboriginal history wb / a) Put in let, make or have. Make sure you use the correct tense. . For several decades , the British didn't Aboriginal children of mixed descent stay with their families. . The British many of them put in orphanages. . There they them live like white children. . The government also the Aboriginal people leave"
113,break,NONE,Will the upcoming holiday break impact the delivery schedule significantly?
114,break,IDIOMATIC,Try to break that bad habit of procrastinating on assignments.
115,make,LITERAL,"expect from a 'golden state'. c) The idea of building a wall along the Mexican border is a topic of much controversy in American society. What might the consequences of trying to stop illegal immigration this way be? reading language Revision: Using the, a/an or no article G wb / V Read the text about Silicon Valley. Decide If you need the, a / an or no article (-). Surprisingly enough, Silicon Valley is not valley and, of course, it is not made of silicon. It's area of around , km south of San Francisco in Northern California, and it's famous for having large number of tech companies. The first of these produced microprocessors and 'silicon chips' that were needed for computers, and that's where Silicon Valley got its name from. Although it's famous for companies like Facebook or Google, Silicon Valley is also home to hundreds of other companies which produce components and software for electronic devices that are used by hundreds of millions of people every day. For"
116,take,LITERAL,Let's take a cool selfie together before the concert starts!
117,make,LITERAL,"have "". short-term goals, a positive attitude. They... think accuracy is the most important thing, take every opportunity to practise speaking, find ways of making learning interesting, try to learn too new words a day. Listen to the interview with Professor Percy and answer the questions. Which languages does the professor speak? Which items in exercise does he mention? Do you agree with him? , Listen again. What does Professor Percy say about the following? Make notes. the advantages of learning a language exams howto make learning interesting speaking practice making mistakes Choose the best answer, according to the interview. Can you remember without listening again? According to Professor Percy, learning another language. A is difficult unless you live abroad. B is most useful when you go abroad. C can be useful in many different situations. Passing an exam ... A is a passport to university. B is often a gateway to otherthings. C will get you a better job. Good language learners... A value making mistakes. B hate making mistakes. C"
118,turn,LITERAL,"of the expressions in Exercise b. graffiti background music in shops advertising on websites fast food mobile phones on public transport Turn to page . c (.....) They don't have to agree with the famous person, after all........ d (.....) These people should stick to what they know......... e (_____) It's getting harder and harder to tell the difference between them. f (.....) Most of them look and sound really old and boring........._ a Whose opinion do you agree with most? UNIT Turn to page . ? ????? Grammar Q Pronunciation ic Question tags review Intonation in question a ] Read the sentences from the listening text in tags Exercise b. CcTrcTe) the correct question tags. Turn to page . It gets lots of people interested, does it /(oesn'tlp ? Q Speak It can't be a bad thing, can it / can't it ? They've formed their opinion already, haven't they / have they ? They don't really know what they're talking about, don't they"
119,take,IDIOMATIC,Let's just take it easy tonight and watch some TV.
120,look,LITERAL,toujours rejetÈe en fin de phrase: - dans Les questions commenÁant par who/which/what Who are you talking to? Which case is he on? What is Tom talking about? - dans Les relatives et Les structures passives. He didn't accept the offense he was charged with. IMMN________________________________________________ ED ComplÈtez les phrases par la prÈposition adÈquate : since - before - at -for - through -to-on- into She sat... her jury wooden chair -> she sat on her jury wooden chair. a. The Lawyer Looked ... his client...the window of the cell. b. The prisoner said goodbye... his family... hewas rushed... his cell. c. My mother has been a judge... ten years. d. The file was put... the judge's desk. e. The policeman has never used his gun ... he entered the police academy. Grammarin context GRRP P RR III. La phrase I. La forme interrogative [° Les Yes/No questions Les Yes/No questions sont Les questions auxquelles on rÈpond par oui ou non
121,see,LITERAL,", demand, claim, promise, threaten, etc tell, ask, warn, aduise, convince, encourage, persuade, convince, etc. Verb gerund Verb preposition gerund Verb object preposition gerund admit, propose, recommend, suggest, deny, etc insist on, apologize for, confess to, complain about etc. blame someone for, accuse someone of, congratulate someone on, etc. The service has been awful. I want to see the manager now!' I demanded to see the manager about the awful service. wouldn't see this film if I were you. You'll have nightmares!' She advised me not to see the film. 'It wasn't me who made a call during the film!' I denied making a call during the film can't believe that they asked us to stop talking during the film!' He complained about being asked / having been asked to stop talking. 'You gave a fantastic speech, well done!"" She congratulated us on giving a fantastic speech. Some of these verbs- but not all"
122,hold,IDIOMATIC,"My phone won't hold a charge like it used to, it's so annoying."
123,run,IDIOMATIC,Just run through the key points of the presentation one last time.
124,take,IDIOMATIC,Would you consider taking a different approach to solve this particular issue?
125,look,LITERAL,".' 'What kinds of things... to prepare for your journey?' 'I... a lot of research online, and I... sure I... fit' 'How... at the end of the journey?' 'I... to be disappointed, but instead I... close to tears!' ""r Think of four other questions to ask Ed, then role play the interview, inventing answers where necessary. Write possible explanations for the situations. What do you think had been happening? r The girls were looking really guiltyand hiding their hands behind their backs, h a Sasha was totally covered in mud. r My parents had obviously just changed the subject when walked into the room. h A r The boys were looking ti red a nd they were cove red i n scratches and bruises L A More practice Go to page . Read the text and correct the six tense mistakes. Discuss the questions in pairs. Why did Henri end up in Devil's Island? Why do you suppose the island was considered impossible to escape from? How"
126,look,LITERAL,"reunited with their loved ones for over years. But it wasn't quite a happy ending for everyone. Just three years later, Slovakia joined the Schengen Agreement, which once again prevented Ukrainians from crossing without a visa. One thing is certain - this isn't the end cf this remarkable story. { VOCABULARY ) People words "" ords ft Discuss the questions with a partner. How did you find the answerto the question in exercise ? A Did you start reading at the beginning and progress through the text? B Did you look at the whole text to spot the years and s? C Did you search for the name 'Szelmenc'? What is your initial reaction to the article? Six sentences have been removed from the article. Complete the gaps with sentencesA-G. There is one extra sentence. A However, the villagers did find ways to communicate. B At last, the villagers could cross freely. C A journey that used to take seconds had become a round- trip of over oo kilometres. D Many friends and family members were stranded"
127,keep,LITERAL,Is it feasible to keep the original project timeline despite the recent technical setback?
128,drop,LITERAL,Drop your completed forms at the customer service desk.
129,run,LITERAL,"started to rain. I didn't know what to say when our teacher asked me because I (not - listen). I (think) of my girlfriend the whole lesson. b) Past perfect (simple) oder past perfect progressive? Vervollständige die Sätze . Last night on the way to the cinema, I realized that I ( leave) had left my money at home. I ( look forward) to the film for weeks and I didn't want to miss it, so I got off the bus and ran home. When I arrived, I realized that I ( forget) my keys too, so I couldn't get in. I rang the doorbell, but everybody ( go) out. So I ran as fast as I could to my friend Jeremy's place. His mother opened the door, but Jeremy wasn't in. He ( not - come) home yet. His mother saw that I ( run), so she asked me to sit down and gave me a drink. I started playing a game on my"
130,take,IDIOMATIC,"English. You will hear a talk where the message - the gist - is important. You will also hear a situation where the details are more important. But remember, what is important depends on your point of view. At the Reef in a glass-bottom boat Listen to Derrick Reese - a young Australian park ranger at the Great Barrier Reef - greet his guests. What sounds different from the way people in the UK or the US speak? ® WM Listening for gist a) Work with a partner. Each of you takes the role of one of two passengers on board: . someone who works for Greenpeace . someone who is interested in Aboriginal culture To help you write faster, develop your own shorthand (e. g.: b/c = because, sth = something, w/o = without, etc.) b) Think about what could interest you in your role. S c) Listen to what Derrick tells his guests about the Reef. Take notes for your role. p d) Compare your notes with your partner's."
131,see,LITERAL,Follow the yellow line on the floor; see the gate number for your flight.
132,keep,LITERAL,"Haka, still performed today by the All Blacks, the national rugby team. The Maori wore decorative ornaments and high-ranking people were extensively tattooed. European colonization of New Zealand started in , when Queen Victoria sent Captain William Hobson to annex the country. He negotiated the treaty of Waitangi with Maori chiefs, which made the Maori British subjects in return for property rights and tribal autonomy. After several sporadic wars against the British, the Maori lost much of their land and the population went into decline. However, they have managed to keep their cultural identity until today. In there were , Maori. More than one in eight of the , , New Zealanders is of Maori descent . . haut-ploce . origine k (Culture keys LJnit Agatha CHRISTIE -p. Agatha Christie ( - ), ""the Queen of Crime,"" is the world's best-known mystery writer. Her eighty novels and short story collections have sold more than a billion copies in English and another billion in forty-five foreign languages. She also wrote a dozen plays including The Mousetrap, which has been on stage"
133,see,LITERAL,"to sit down and gave me a drink. I started playing a game on my phone. I ( play) for twenty minutes when Jeremy finally arrived. He lent me some money, and I ran back to the bus stop. When I finally got to the cinema, the film ( already - start). CHECK __________________________ The wi//-future, the going to-future Lösungen S. a) Was sagt Person B? Vervollständige die Kurzdialoge . A There's somebody at the door. - B (see) I'll see who it is. A I can't do this exercise. - B (help) A This glass was very expensive. - B (not drop) A Olivia mustn't find out. - B (not tell) b) Spontan gefasster Entschluss oder im Voraus geplant? Vervollständige die Sätze mit der richtigen Verbform - will-future oder going to-future. Tea or coffee? - I think I (have) coffee. Michael says he (study) art in Berlin. Oh no, it's starting to rain. - Do"
134,run,IDIOMATIC,I think my nose is starting to run; I might be getting a cold.
135,turn,IDIOMATIC,"biggest problems is peer pressure. A lot of these children feel that, because all their friends are in gangs, they should be too. If we can show these children that there are other options, we hope they won't be persuaded to join the gangs. We've been experimenting with the scheme for six months in the London area and the results are very encouraging. We will probably be taking the idea to other cities throughout the UK next year. If we are successful, then we will see fewer young children turning to crime and these neighbourhoods will be made safer for everyone. Read the article again and listen. Answer the questions. What do new crime figures show? What areas are most hit by gang crime? How does Paddy's scheme work? What sort of things do the police mentors do with the children and why? Why is the scheme for such young children? What future plans does Paddy have? Present perfect and future passives Complete the sentences with the words in the box. have given will be taken will spend will be"
136,drop,IDIOMATIC,Is it advisable to drop the less profitable product lines from our portfolio?
137,take,LITERAL,"n't think I'd like to spend my days in a school, – WB p. / A girl talks about a guy in the office ( g ) Look at the pictures. Use participles or infinitives after verbs of perception and an object. . He always arrives really late for work. This morning I saw him ... . He clearly prefers magazines to company reports. Today I noticed ... Participles for longer . A lot of his phone calls from the office are personal ones. Yesterday I... actions, infinitives for . He takes other people's equipment without asking. Yesterday... shorter actions. . Our boss isn't too happy with him, of course. This afternoon I... arrive read talk take give WB p. / Make a good impression at an interview Imagine you are an applicant for the job advertised in exercise on page . What would you say at these points in the interview? . You enter the interview room. . You are asked why you think you would enjoy doing the job. . You are asked why you think you are the right"
138,run,IDIOMATIC,"The movie actually runs for almost three hours, so grab some snacks!"
139,take,NONE,"use didn't need to [do something), it often means that someone __________something because it was not necessary. When we use needn't have (done something), it means that someone ..........something but in fact it was not necessary. C Complete the sentences with the phrases in the box. didn't need to buy needn't have bought didn't need to phone needn't have phoned didn't need to take needn't have taken The doctor said my cold wasn't serious, so I didn't need to take any medicine. I took my umbrella on the walk, but the sun shone the whole time, so I________ it. I bought a new coat, but I.......it because my old one was really OK. I managed to do all the homework by myself so I_________any of my friends to help me. I called Chloe to tell her about the party, but I .........her because she already knew. I was going to buy a new camera but I .........one in the end, because my parents gave me one"
140,run,LITERAL,She used to run track in high school and was really fast.
141,look,IDIOMATIC,"After the long trip, I definitely look forward to just relaxing."
142,turn,IDIOMATIC,Would it be possible to turn in your project proposal by the end of the week?
143,keep,LITERAL,Keep all personal items in your designated locker.
144,make,LITERAL,"but the spirit of that rush has remained throughout the Golden State. Although California's sunny climate is a big attraction for many, the state's strong economy is what really attracts millions of people. Silicon Valley in Northern California, for example, is home to many of the world's largest technology companies: Apple, Facebook, Google, eBay, Netflix and many others. Each of these began as a small 'startup' company – often just one or two people and a good idea. For example, the first Apple computers were made in a bedroom, and Google began as a student project. In the 1990s, internet start-ups became a kind of 'California Gold Rush 2.0', and millions of dollars were spent on starting new web businesses. People thought this would go on forever, but in 2001 the 'dot-com bubble' burst, and millions of dollars were lost. A new boom, however, has made technology one of the leading industries in California and worldwide. Agriculture has long been another California success story. The state's climate is ideal for"
145,take,IDIOMATIC,"presented their ideas. Councillor Amy Dorn said the students had given a great presentation. Although city bar owners and license holders denied selling alcohol to under- s, the city council passed the new law. Stores that break the law can now get a $ 000 fine and risk losing their license for 0 days. High school campaigner Logan Schultz, Glen Falls, Wisconsin Their opinions, your opinions a) H- In groups of four, each partner reads one of the above articles and takes notes on: • who has taken a stand • their goals and how they try to achieve them b) Use your notes to explain the key facts to your group. Answer any questions. c) Discuss the goals and methods of the four campaigns. • I like/agree with / disagree with ... because ... • I'm not sure if I agree with ... • In my view, the campaign goal is OK/. , but ... • I think / don't think campaigners should ... • It's all right/wrong/illegal/..."
146,make,LITERAL,"fill out these forms so that I can help you. • Could you describe exactly what happened? • The German consulate can give you a passport for your flight home. eighteen Relative clauses (Revision) REVISION (Using relative clauses) GRAMMAR • A defining relative clause gives necessary information. Without it you don't know who or what is being talked about. • A non-defining relative clause gives extra information about someone or something • When a relative pronoun is followed by a subject and verb, you can leave it out and make a contact clause: Koalas are the animals which/that I like best. For more details see G . Australia's animal world Match the correct parts and use the relative pronouns who/that and which/that to make defining relative clauses. . Australia is a continent . So it has many animals . The animals are an attraction for tourists . They love to see marsupials like kangaroos . Koalas are also popular, with sweet faces . But watch out! Those koalas bite people ... make them look like teddy bears. ..."
147,break,NONE,"to tail, including skins used as trophies and status symbols. Bone used in traditional medicine HowtheWWF helps Educating communities. Collaborating with surveillance against poaching. Organizing protection areas. Raising money through its'Adopt a tiger'programme How we can help Your own ideas! Irregular Verbs Infinitive Past simple Past participle Infinitive Past simple Past participle be was/were been leave left left beat beat beaten let let let become became become lose lost lost begin began begun make made made bite bit bitten mean meant meant blow blew blown meet met met break broke broken pay paid paid bring brought brought put put put build built built read read read burn burnt/burned burnt/burned ride rode ridden buy bought bought ring rang rung catch caught caught run ran run choose chose chosen say said said come came come see saw seen cost cost cost sell sold sold cut cut cut send sent sent deal dealt dealt set set set do did done shoot shot shot draw drew drawn show showed shown dream dreamt/dreamed dreamt/dreamed shut shut shut drink drank drunk sing sang sung drive drove driven"
148,hold,LITERAL,"Hold the door for the next person entering, please."
149,make,IDIOMATIC,"ifthe situation which we regret was different. On the other hand, we often use wish just to express general regret about the situation. If only it wasn't raining. We could be outside now, having a nice picnic! I wish it wasn't raining. I'm bored of being inside. Grammar Reference unit I '""y WW""– fuses of could J f Modal perfects for speculationJ Could Is a very common verb in English that is used in different situations: We use it to ask for permission or make a request. It is more polite than can. Could me have a quick break? I need to get some mater. We use it as the past simple form of con, when we talk about general ability or possibility in the past. Before mobile phones, people couldn't contact each other mhen they were trauelling. My little nephem could use a touchscreen phone before he mas three! However, we don't use could to talk about an action that happened once in the past. Could always describes the general situation"
150,make,LITERAL,"had been to Brazil before. / hadn't been to Brazil before. Questions Short answers Had you been to Brazil before? Yes, had./No, hadn't. f although / euen though / though J Although, euen though and though are conjunctions. We use them before a verb subject. We can use them at the start of a sentence or in the middle. Although he was nervous, he never considered cancelling the trip. He never considered cancelling the trip, although he was nervous. Even though makes the contrast sound stronger and the result sound more surprising or impressive. Euen though I'm scared of dogs, I agreed to look after my cousin's Rottweiler for the weekend. We often finish a sentence with though when we respond to someone with a contrasting idea. Burgers are so bad for you. They are nice, though! We use them before a noun or an -ing form to say that a situation contrasts with another, but didn't prevent it. Despite the rain, we had a fantastic time at the"
151,take,IDIOMATIC,Take the third turning on the right after the traffic lights.
152,see,IDIOMATIC,"She's seeing someone new, I heard, but she hasn't told me details yet."
153,see,LITERAL,": I hurried out and followed Lord Hewston upstairs to the office, but he didn't let me see inside. He told me that there was a dead body on the floor and then he locked the room. INSPECTOR HARRISON: Well, Jarvis, that's enough for today, thank you. MARC GARNEAU: When you're down on earth, you live in a world that... that you can see, that surrounds you. That's, maybe, a ten-kilometer circle. When you're up in space, you see a thousand kilometers ahead of you: your sense of time is changed, it takes you an hour and a half to go round the planet. You see this incredibly thin atmosphere that allows life to occur down here, against the backdrop of... of the vast emptiness of space and that is what transforms you because you suddenly realize ""This is my home"" in a way that... you never think of it when you're down on earth... and you know what? We need to take care of it because it"
154,see,NONE,"memorise your part before performing in front of the class. Watch your classmates'performances and vote for your favourite. Which tools can I use? Reading file (thÈ'tre), p. - Interact, p. gmm - L'hypothËse et la projection, p. - L'accentuation, p. , - L'intonation (questions et question-tags), p. , - La subordination de temps, p. U&eful expre&iiom Scene live one's own life stand on one's own two feet think for oneself make up one's own mind think twice about sth see the world open one's eyes to the world get to know other lifestyles see how the other half lives the grass is always greener on the other side to be true to one's traditions be disappointed Theatre play act out rehearse learn one's lines stage fright applaud prompt final run-through comedyplays.co.uk/cpv /scripts/spf.pdf stagechannel.com/index.php The Amish Access to safe water is a fundamental human need and, therefore, a basic human right. DOOR TO liIRTER in Rf RICH Visions d'avenir : creations et adaptations Anticipation des crises et des risques Lessons and"
155,look,IDIOMATIC,"leisure activities private. How does it work? Mobile phone tracking is set up using the SIM card. When a tracker (e. g. a parent) has registered as a user, he or she can make searches online from a computer or a mobile. How do you avoid being tracked? Tracking companies are legally obliged to ask permission from the tracked person, and then to offer alternatives. For instance, a tracked teenager can stop the tracking company operating at weekends. If you suspect you're being tracked, look out for suspicious text messages, and keep your mobile switched off when you don't need to receive any calls. S Writing: Using the Internet Judy helps to organise her school's Computer Club. Everybody wants younger students to use the Internet the right way, so Judy has started to prepare a list of ""Dos and don'ts for the Internet"". Finish her list, then write her article for the club website. Write about words. Dos ... Don'ts ... • surf for info • use real name • watch"
156,break,NONE,B answers: Perhaps you need to lighten up a little at the movies? Mostly C answers: Why do you go to the cinema at all? It's obvious that you're just not into films! SPEAKING EXERCISES Irregular verbs Irregular verbs Base Past Past Base Past Past form simple participle form simple participle bear bore borne shut shut shut beat beat beaten sing sang sung begin began begun sink sank sunk bend bent bent sit sat sat bet bet bet sleep slept slept bite bit bitten speak spoke spoken blow blew blown speed sped sped break broke broken spend spent spent bring brought brought spread spread spread build built built stand stood stood choose chose chosen steal stole stolen cost cost cost stick stuck stuck cut cut cut swear swore sworn deal dealt dealt sweep swept swept draw drew drawn swim swam swum drive drove driven tear tore torn eat ate eaten think thought thought fall fell fallen throw threw thrown feed fed fed wake woke woken feel felt felt wear wore worn fight fought fought win won won find found found write wrote written fly flew flown forget forgot forgotten grow grew grown hang hung
157,take,IDIOMATIC,Do you believe we should take this opportunity to expand into new markets?
158,look,LITERAL,"We should look around for a cool place to eat tonight, I'm starving."
159,take,IDIOMATIC,"At first, there are a few cyclists standing on a pavement. Unit Manchester, UK, Oxford Street Bringing about change O a) p Make a list of issues you care about (local, national or global) and explain why they are important. Then agree on one issue you would like to take action on. b) p Look at the ideas in the box and discuss which action(s) you would take on your issue. make a poster start an initiative on social media start/sign a petition take part in a sit-in organize/go to a flashmob/demonstration/... go on a march • go on strike boycott a product/company ... c) Present your ideas to the class. EXTRA Tell the class about any experience of collective action you have had (e.g. flashmob demonstration, protest, ... ). At the end of this unit: Give a short talk or presentation about an issue of public interest and explain your opinion about it. Workbook (p. ) Part A The Standing March, Paris 0 Look at"
160,hold,IDIOMATIC,"choose their head of state, the Queen (or King), who is born to the job. Opinion polls show that most Britons would like a more democratic House of Lords. However, the monarchy is very popular, with between 0 and 0 percent of the people wanting to keep it. Referendums and initiatives In a referendum, the people are asked by the legislature to vote on a single issue. In an initiative, citizens who want to change the law collect signatures. If they collect enough, a vote is held . In the USA, referendums and especially initiatives are very common and are held in about half of the 0 states. Examples of initiatives include votes on cigarette taxes, on the minimum wage and on banning the death penalty. There are no referendums or initiatives at federal level. In the UK, there are no initiatives, and referendums are only held on big issues. In the last 0 years, there have been three nationwide referendums. • Britons voted by to percent to join the EEC (later the European Union)"
161,take,IDIOMATIC,Take notes during the safety briefing.
162,see,IDIOMATIC,See to it that your identification is readily available upon entry.
163,see,LITERAL,Have you seen the updated project brief for next quarter?
164,keep,IDIOMATIC,"I always try to keep my promises, you know?"
165,take,LITERAL,"two sentences for each reason. A We don't knowthe agent (the person/people orthing that did the action). If we knew, we'd probably mention it. We could say who the agent is/ are, but it's unnecessary. C People in general are the agent. D The agent is new information. Using the passive puts it at the end of the sentence, which emphasizes it. My bike was stolen from outside the school. The new swimming pool was completed last week. My uncle took his car to the garage. It was crushed by a falling tree. You were called at . The caller left no message. It's well known that Formula drivers earn huge salaries. I went for a check-up, but I wasn't seen by my usual dentist. Passengers with children will be asked to board first. Therulesofcricketarethoughttobecomplicated. must mustn't can can't might might not may may not should shouldn't could couldn't In pairs, read situations - . For each one, decide which explanation is more likely,"
166,take,NONE,"b] boat • [p] pool • [d] dad • [t] ten • [g] good • [k] cat • [m] mum • [n] no • [g] song • [l] hello • [r] red • [w] we • [j] you Unit Vocabulary (to) persuade [pa'sweid] überreden I didn't want to go at first, but Paul ~d me that it would be fun. persuader persuadere (to) take notice (of sth.) ['naütis] auf etwas aufmerksam werden, etwas zur Kenntnis nehmen notare (bemerken) attention [a'tenjn] Aufmerksamkeit F) l'attention (f) attentus, -a, -um (aufmerksam) attention (to) draw attention to sth. How can we draw attention to the slaughter auf etwas aufmerksam machen; of dolphins in Japanese waters? die Aufmerksamkeit auf etwas lenken May I draw your attention to a few mistakes? (to) attract/catch/grab sb"
167,drop,LITERAL,"Oops, I accidentally dropped my phone again!"
168,make,IDIOMATIC,"... without thinking ... by helping others ... . People in democratic countries often enjoy their rights without . Many think they will always have their rights, in spite of . But apart from . That changes when people really want to change something themselves instead of . People will learn about human rights and democracy most directly by a) seeing people on TV who have to fight for their rights in authoritarian states. b) j ust watching other people protest. c) realizing there is a cause worth fighting for and then trying to make changes themselves. d) thinking of where those rights came from. e) spending a few minutes watching the news on TV every day, few people think about the danger of losing their own rights. WB p. / S b) Translate the sentences into German to show you understand the new construction. Revision: Infinitives with to a) Read what a London girl says about teenage rights. Finish her sentences with the verbs on the right. go out get stay out marry do help be be give get i My parents"
169,see,LITERAL,"To continue, see the instructions displayed on the screen."
170,turn,LITERAL,", artists. The men with stringy hair are musicians, I think. The really ugly ones are politicians, and someone told me the fatties are mostly comedians."" ""That's funny, as in strange,"" Tally said. ""So this is what people looked like before the first pretty? How could anyone stand to open their eyes?"" ""Yeah. It's scary at first. But the weird thing is, if you keep looking at them, you kind of get used to it."" Shay turned to a full-page picture of a woman wearing only some kind of formfitting underwear, like a lacy swimsuit. ""What the ...,"" Tally said. ""Yeah."" The woman looked like she was starving , her ribs thrusting out from her sides, her legs so thin that Tally wondered how they didn't snap under her weight. Her elbows and pelvic bones looked sharp as needles. But there she was, smiling and proudly baring her body, as if she'd just had the operation and didn't realize they"
171,make,NONE,"will.......a cure' for old age by the time I'm . (discover) Have a great birthday tomorrow. I'll of you. (think) By the time the film finishes, you'll asleep, (fall) Write the missing words in the grid and find the mystery phrase (to write on your protest banner). 'L e A F L E T ( P Things you can do to help us: Hand out... in the street Sign our... Go on our... this Sunday. Make a .... Any amount will help. Do some ... work In our office. The mystery phrase is ... b (Circle)the correct verb. The Giant Panda is in danger of dying in / over /(out) unless we do something now. I can't believe it. You've used up /over / on all my printer Ink. You've had that bike since you were ten. It's time you got rid of / out / off It. That factory is really fouling in / up /"
172,make,IDIOMATIC,"different places. Attention Ne pas confondre Le present perfect qui est un temps et Le passif qui est une voix. He has completed the form at the immigration station, (present perfect) The form has been completed , (present perfect et voix passive) El Conjuguez les verbes au temps appropriÈ (presentperfect simple ou present perfect en be V-ing). Indiquez les deux options si possible. The unemployment rate (go) up. -a The unemployment rate has been going/has gone up. a. The government ( make ) a major decision - the situation should change now. b. The politicians (work) hard to find a solution. c. In several European countries they (lower) the wages of civil servants. d. The Greek prime minister (resign). V. Le prÈtÈrit simpLe IL sert exprimer des actions et des pensÈes qui ont eu Lieu dans Le passÈ. Le prÈtÈrit est Le temps du rÈcit, de La narration. ILs'empLoie avec des marqueurs chronologiques comment the beginning, then, afterwards, suddenly qui dÈcrivent L'action qui"
173,make,IDIOMATIC,games all ended player on the rink. He's so : . [ Write adjectives in the word grid to describe each person and find the mystery word. Bobby always understands how I feel and he's always ready to listen to my problems. Jenny's always so pleased with everything that she does. It annoys me a bit. Henry doesn't always pay attention to what he does and that's why he makes mistakes. Kevin always says things to make people feel good about themselves. Sue is really funny. She makes me laugh a lot. The mystery word is... 'S Y M P A T H E T / C How did you do? Check your score. r Total score Very good OK Not very good Grammar - - less than Vocabulary - - less than ....... .. J G Read and listen Read the extract from a TV guide. Have you ever seen this TV programme? Complete the statements. The last time Doctor Who was seen regularly on TV was.............. The character Doctor Who is a Doctor Who works with an____________
174,run,IDIOMATIC,"under pressure. What makes you want to work in the advertising industry, Mr Walters? Phil has been waiting for that question. Well, I'm really creative. And that's what's needed, right? I'm also a great writer. I love playing with words, summing up the gist of things, coming up with catchy slogans - that sort of thing, you know? Yes, I understand. Do you have any experience in advertising yet? Well, for the past couple of years I've been running our school paper, which I also write for. I also find local companies which can place their ads in our paper. Interesting. But you realise that the job we have on offer is that of an office assistant, right? What do you think the job will require of you? Give me a task and I'll get it done! I'm a real go-getter, you know. A problem solver. That's my biggest strength. So, I've been doing lots of promo work like handing out leaflets"
175,hold,IDIOMATIC,Does this agreement hold validity across all our international branches?
176,run,IDIOMATIC,Run the cable under the carpet to keep it tidy.
177,break,IDIOMATIC,They decided to break up because they wanted different things.
178,make,IDIOMATIC,"based on the criteria mentioned above, and why you think so. -> A / A Jonathan Webb of the BBC presents an interesting subject: that teenagers need more sleep. I can totally relate to that! But I can't relate to every aspect of how this article was written. The author's style is objective, and he d°es a good job of presenting basic facts together with quotes from experts. However, he doesn't always do a good job of presenting the topic cleariy. Fot example, he makes the mistake of using pretty language ('ebb and flow') or using terms that are too big and scientific ('cognitive', 'metabolism'). Huh? Who wants to read stuff like that?! I don'H In the end, the writer does his job, but using simpler terms would make the contort more interesting and easier to read. B The report by Jonathan Webb of the BBC aims to _inform the reader about sleep deprivation as a general problem for society. Rest the writer offers plenty"
179,hold,IDIOMATIC,"Yeah, I'll hold onto these concert tickets for you until the show."
180,break,IDIOMATIC,Please break down the larger cartons for recycling.
181,look,LITERAL,"a joke. Narrator: ((new track)) I watch Nona as she starts to work. She begins by colouring in the holes in the letters – the a's, the o's, the d's, the e's. By the end of the lesson they are all filled in. I lean forward and see she's also drawn in the left margin, decorating it with swirls and ... are they turtles? I can't quite make it out from my desk. It's beautiful, though. Selena catches me looking and underlines her previous words: primary school. Miss Fuller passes Nona and sees what she's doing. I wait for a reaction but our teacher just nods and smiles and walks on. Selena whispers, ""Can you imagine if one of us did that?"" Selena always talks like that. Us and them. Näpaki and Yolnu. She's right, though. If a Näpaki kid – a non-Aboriginal kid – did that Miss Fuller would be telling them to start working or stay and do it in detention. Selena"
182,make,IDIOMATIC,"expressions and words you see on the screen. Watch again, listen to it carefully and write down the keywords. Reformulate what you have understood and exchange with your classmates. it Michaela -Youth Volunteer of the Year She volunteers as a Junior Leader for the Blayney Star Girl Guides by planning, running and organising activities for girls aged - . The goal of these activities is to teach the girls skills they can use in their everyday lives that empower them to be confident, self-respecting and responsible community members. Volunteering allows you to make a difference, no matter how small, to the lives of others."" dud Comment on the sentence ""... when you volunteer, it does change you as a person."" DCS!! Mi Discuss the benefits of volunteering locally and say how it can help teenagers to feel more responsible and mature. ££ Anna - volunteer I want to know that I have helped at least one young person to get active in our community in some way Just before Anna left high school, she became involved with her local youth council..."
183,keep,LITERAL,Keep your hands inside the vehicle during the ride.
184,make,IDIOMATIC,Is it possible to make some adjustments to the current report?
185,turn,IDIOMATIC,I'm going to turn on the TV and just relax for a bit.
186,see,LITERAL,Could you please clarify your proposed solution so we may fully see its advantages?
187,hold,LITERAL,"period, you get floods. Sometimes the only way to rescue people is by helicopter. KABC: And there are mudslides too. They're said to go hand in hand with wildfires, aren't they? Mario: Yes, that's another major problem. People love to build nice homes on a beautiful hillside with a view, but then you get a lot of rain followed by a mudslide, followed by collapsed houses half-covered in mud. KABC: Yes. The fires destroy the trees, so there is nothing to hold the soil in place when the rain comes, is there? Mario: You know your stuff! Should I get my boss to interview you for a job? KABC: Ha ha! No, thanks. For that kind of job you need to be willing to risk your life. I'm not that brave. Mario: You were right about the trees, of course, but it isn't just fire that's causing this problem. People aren't supposed to cut down trees but they do it anyway, especially"
188,hold,IDIOMATIC,I can totally hold your spot in line if you need to grab something.
189,take,LITERAL,". threat [ ret] Drohung, Bedrohung, Androhung He said he would beat me up, but it was just an empty ~. anonymous [a'nonimas] anonym f • stress: anonymous [a'nonimas] anonyme prime minister [,praim 'minista] Premierminister/in The British prime ~ lives at 0 Downing Street. le premier ministre/la première ministre ministry ['ministri] Ministerium f • stress: ministry ['ministri] le ministère slaughter ['sloita] Schlachtung; Abschlachten Pigs are often taken to ~ by lorry. Ten thousand soldiers died in the ~. anger ['$riga] Wut, Zorn adj: angry - noun: anger off the coast vor der Küste The ship sank two miles ~ the coast of Devon. cove [kauv] (kleine) Bucht either ... or ... ['ai a], ['ii a] entweder ... oder ... t's up to you: either you stay ~ you leave now. alcohol ['lkahol] Alkohol l'alcool (m) licence"
190,make,IDIOMATIC,"except the Law Lords). a Archbishops, bishops and life peers appointed by Sovereign on recommendation of Prime Minister The people elect a government for a maximum period of five years. The candidate who polls the most votes in a constituency is elected Member of Parliament in the House of Commons. A history of Parliament John, who became King of England in , was unsuccessful in war. He lost most of his land in France. He asked his barons to give him more money, but they refused. When he tried to make them pay heavy taxes, they rebelled. In they formed an army, captured London and forced John to sign a treaty. It was called Magna Carta and is one of the most important documents in English history. Most people at that time were not rich barons and churchmen, but poor peasants working on the barons' land. Magna Carta did not mention them. But the document was important because it did limit the king's power. Also, it formed the basis for the first Parliament, which was called by Edward I in"
191,hold,IDIOMATIC,Might we hold off on a final decision until we acquire more information?
192,see,LITERAL,Have you had the opportunity to see the revised policy document yet?
193,make,IDIOMATIC,"only relevant information. Now you will write a paragraph expressing your opinion on a topic. You will have minutes to plan and write your response. Be sure to include reasons and examples to support your opinion. Write in complete sentences. When you are finished writing, check your response for grammar, spelling, and punctuation. Your paragraph should be between and words long. Some people think that posting photos on social- networking sites is a great way to stay in touch with friends around the world. Others think these posts make public parts of life that should be private. What do you think? Prepare for Cambridge Exams Unit < C READING ) Putting the sentences back into a text ABOUT THE In this part of the exam, you have to read a text from which six sentences have been removed. The missing sentences are provided and you have to complete the gaps with them. There is one extra sentence which you do not need to use. Read the Tip. Then, in pairs, match sentences - to A-C. Discuss which words"
194,see,IDIOMATIC,See the emergency exits clearly marked with a green sign.
195,take,LITERAL,". He (know) that the boy (watch) him but he (not - say) anything. Mettez les verbes entre parentheses au preterit simple ou au pluperfect a. They (sit) down and (eat) the cold rice that his wife (cook) for him the day before. When they (finish) eating, they (pack) their things and (stand up). c. After a while, it (become) clear that they (lose) their way. d. He ( take ) out of his backpack all the things he (bring) with him. e. He suddenly (remember) that he (leave) his watch in the car. The sky is the limit ?rammaire de I'oral Prononcer la marque -ed du preterit Distinguer le preterit de la base verbale. Prononcez pour chaque exemple la base verbale et le preterit correspondant. Dites dans chaque cas si la terminaison -ed a implique I'ajout d'une syllabe a I'oral. Ensuite, verifiez a I'ecoute. a. want / wanted d"
196,see,IDIOMATIC,"After all that, I really see your point."
197,see,NONE,"geheim III satellite [' sxtlait] Satellit V U , primary school ['praimri,sku:l] Grundschule I section ['sekjn] Abschnitt; Paragraf II two hundred and forty-four security [si'kjuarati] Sicherheit; Schutz; Wachdienst; Wach-; Sicherheits- III to see [si:] sehen I to see the bigger picture [si: öa ,biga 'piktfa] über den Tellerrand hinausschauen IV See you! [' si: ja] Bis dann!; Bis ... I I can't see the point of ... [ai,ka:nt si: öa 'paint-av] Ich sehe keinen Sinn darin ... IV Wait and see! [weit-and' si:] Warte ab! I to seem [si:m] scheinen III to seep [si:p] sickern (V U , ) segregation [segri' geifn] Segregation; Trennung; Rassentrennung V AC , to select [si'lekt] auswählen; aussuchen V U , selection [si'lekjn] Auswahl; Auswahl- V U , self"
198,make,IDIOMATIC,"life here,"" said Chanu, ""but I hardly left these few streets."" He stared out of the bus window at the grimy colours of Bethnal Green Road. ""All this time I have been struggling and struggling, and I barely had time to lift my head and look around."" They sat at the front of the bus, on the top deck. Chanu shared a seat with Nazneen, and Shahana and Bibi sat across the aisle. Nazneen crossed her ankles and tucked her feet beneath the seat to make way for the two plastic carrier bags that con- tained their picnic. ""You'll stink the bus out,"" Shahana had said. ""I'm not sitting with you."" But she had not moved away. ""It's like this,"" said Chanu, ""when you have all the time in the world to see something, you don't bother to see it. Now that we are going home, I have become a tourist."" He pulled his sunglasses from his forehead onto his nose."
199,keep,IDIOMATIC,"He's really good at keeping secrets, so you can tell him anything."
200,see,IDIOMATIC,"Yeah, I'll see you later, maybe at the cafe."